pollster,banned
Selzer & Co.,no
ABC News/The Washington Post,no
Siena College/The New York Times Upshot,no
IBD/TIPP,no
Field Research Corp. (Field Poll),no
SurveyUSA,no
Marquette University Law School,no
Siena College,no
Landmark Communications,no
Research & Polling Inc.,no
AtlasIntel,no
MassINC Polling Group,no
Monmouth University,no
Marist College,no
Fox News/Beacon Research/Shaw & Co. Research,no
Stockton University,no
Data Orbital,no
University of North Florida,no
Blum & Weprin Associates,no
Greenberg Quinlan Rosner/American Viewpoint,no
Los Angeles Times,no
Trafalgar Group,no
Public Policy Institute of California,no
Christopher Newport University,no
Strategic Vision LLC,yes
Public Opinion Strategies,no
CBS News/The New York Times,no
Mason-Dixon Polling & Strategy,no
Public Policy Polling,no
Emerson College,no
University of Connecticut,no
Grove Insight,no
The Winston Group,no
National Research Inc.,no
Fairleigh Dickinson University (PublicMind),no
Quinnipiac University,no
Ciruli Associates,no
Elon University,no
Elway Research,no
Louisville Courier-Journal,no
YouGov,no
Suffolk University,no
RKM Research and Communications Inc.,no
Temple University,no
National Journal,no
Fox News/Opinion Dynamics Corp.,no
Michigan State University,no
Abt Associates,no
Muhlenberg College,no
Florida Atlantic University,no
Gallup,no
RT Strategies,no
Potomac Incorporated,no
University of Massachusetts Lowell,no
Northern Arizona University,no
Market Shares Corp.,no
Angus Reid Global,no
Tarrance Group,no
Pharos Research Group,yes
Cygnal,no
Susquehanna Polling & Research Inc.,no
Castleton University,no
Wick,no
Columbus Dispatch,no
Lake Research Partners,no
Public Religion Research Institute,no
Public Opinion Strategies/Hamilton Campaigns (Texas Credit Union League),no
Western New England University,no
Market Solutions Group,no
Scripps Howard,no
Wirthlin Worldwide,no
Indiana University,no
Baruch College,no
Knowledge Networks,no
Princeton Survey Research Associates International,no
GfK Group,no
Vox Populi Polling,no
Fleming & Associates,no
NBC News/The Wall Street Journal,no
Louis Harris & Associates,no
KRC Research,no
Harris Insights & Analytics,no
Georgetown University (Battleground),no
Behavior Research Center (Rocky Mountain Poll),no
Escalent,no
St. Pete Polls,no
"Lauer, Lalley, Victoria",no
Gordon S. Black Corp.,no
University of Florida,no
University of Cincinnati (Ohio Poll),no
New England College,no
Clemson University,no
Ohio State University,no
Global Strategy Group/National Research (Philadelphia Inquirer),no
Voter/Consumer Research,no
Saint Anselm College,no
Star Tribune (Minnesota Poll),no
co/efficient,no
Pew Research Center,no
American Viewpoint,no
GQR Research (GQRR),no
EPIC-MRA,no
Polling Company/Global Strategy Group (Hotline Bullseye),no
NPR,no
Harvard University,no
Rasmussen Reports/Pulse Opinion Research,no
Harstad Strategic Research Inc.,no
University of Illinois at Chicago,no
Opinion Savvy/InsiderAdvantage,no
"North Star Opinion Research/Ayres, McHenry & Associates",no
CNN/Opinion Research Corp.,no
Harper Polling,no
University of Arkansas,no
Clarity Campaign Labs,no
Magellan Strategies,no
Starboard Communications,no
Gravis Marketing,no
The Kitchens Group,no
Data for Progress,no
SEA Polling & Strategic Design,no
Spry Strategies,no
Ward Research/The Honolulu Star-Advertiser,no
Mellman Group,no
Strategic National,no
Ohio University,no
Victory Research,no
Winthrop University,no
Yankelovich Partners Inc.,no
Middle Tennessee State University,no
St. Norbert College,no
CVOTER,no
Hendrix College,no
Optimus,no
GBAO,no
Glengariff Group,no
ROI Rocket,no
Cardinal Point Analytics (CardinalGPS),no
Pan Atlantic Research,no
University of South Alabama,no
Strategies 360,no
RRH Elections,no
Insights West,no
"University of Nevada, Las Vegas Lee Business School",no
Morning Consult,no
Remington Research Group,no
Dan Jones & Associates,no
Market Research Institute Inc.,no
RBI Strategies & Research,no
East Carolina University,no
Ogden & Fry,no
Riley Research Associates,no
Kiley & Company,no
David Binder Research,no
"University of California, Berkeley",no
Praecones Analytica,no
BK Strategies,no
Civiqs,no
Garin-Hart-Yang Research Group,no
Iowa State University,no
Ipsos,no
DFM Research,no
McKeon & Associates,no
Research 2000,yes
Lucid,no
Echelon Insights,no
John Zogby Strategies/EMI Research Solutions,no
El Nuevo D??a/The Research Office,no
Alabama State University,no
Frederick Polls,no
USC Dornsife/Los Angeles Times,no
University of Washington,no
Latino Decisions,no
Orion Strategies,no
Tulchin Research,no
GS Strategy Group,no
IVR Polls,no
Richard Day Research,no
University of Massachusetts,no
University of Georgia School of Public and International Affairs,no
MWR Strategies,no
Keating Research,no
MSR Group,no
Maine People's Resource Center,no
OH Predictive Insights,no
OnPoint,no
RMG Research,no
Master Image,no
Douglas Fulmer & Associates,no
Keating Research/OnSight Public Affairs/Melanson,no
Franklin & Marshall College,no
Basswood Research,no
University of New Orleans,no
CJ&N,no
Marshall Marketing,no
Missouri State University,no
Financial Dynamics,no
APC Research,no
"Fabrizio, Lee & Associates",no
Virginia Commonwealth University,no
Ragnar Research Partners,no
Research Co.,no
MFour Mobile Research,no
University of New Hampshire,no
We Ask America,no
Zogby Interactive/JZ Analytics,no
Merrill Poll,no
Amber Integrated,no
Park Street Strategies,no
Data Targeting,no
Rethink Priorities,yes
Wiese Research Associates,no
RAND (American Life Panel),no
JMC Analytics,no
Moore Information,no
OnMessage Inc.,no
The Tyson Group,no
Dittman Research,no
Mason Strategies,no
1892 Polling,no
Braun Research,no
Big Data Poll,yes
Blumenthal Research Daily,yes
Southern Media & Opinion Research,no
Edgewater Research/My People Vote,no
The Polling Company Inc./National Research Inc.,no
Dixie Strategies,no
Personal Marketing Research,no
Ethridge & Associates LLC,no
Bendixen & Amandi International,no
Forward Strategies,no
CSP Polling,yes
Market Decisions Research,no
Targeted Persuasion,no
University of Houston,no
Singularis Group,no
Change Research,no
Valley Research,no
University of Wisconsin-Milwaukee,no
Tufts University,no
Mercyhurst University,no
Odney,no
Diamond State Consulting Group,no
University of Tennessee,no
Jim Meader (KELOLAND-TV),no
Overtime Politics,yes
Reconnect Research/Probolsky Research,no
KG Polling,yes
DHM Research,no
Richmond Times-Dispatch,no
Manhattanville College,no
War Room Logistics,no
IMGE Insights,no
Franklin Pierce University,no
Alaska Survey Research,no
Crantford Research,no
Lincoln Institute,no
Belden Russonello,no
PSB Research,no
Rivercity Polling,no
JMC Analytics/Bold Blue Campaigns,no
AYTM,no
Sacred Heart University,no
Florida International University/Univision,no
New Mexico State University,no
Google Surveys,no
"Drake Research & Strategy, Inc.",no
Myers Research & Strategic Services,no
Aspen Media & Market Research,no
Strategy Research,no
Thirty-Ninth Street Strategies,no
L?©ger,no
Jorge Ben??tez,no
Morningside College,no
Strategic Research Associates,no
Pasquines,no
Rhode Island College,no
Benenson Strategy Group,no
Canisius College,no
Central Surveys Inc.,no
Clarus Research Group,no
ASA Marketing Group,no
Big Ten,no
Frank N. Magid Associates Inc.,no
Purple Strategies,no
Triumph Campaigns,no
BIGresearch,no
University of Texas at Tyler,no
Cooper & Secrest,no
OurProgress (The Progress Campaign),yes
Meeting Street Insights,no
Analytical Group,no
The Polling Company Inc.,no
Dynamics Marketing,no
Vox Populi Communications,no
Diversified Research Inc,no
Gotham Research Group,no
Probolsky Research,no
Centre College,no
Market Trends Pacific,no
Cromer Group,no
Schoen Cooperman Research,no
Neighborhood Research and Media,no
NRECA Market Research,no
Dartmouth College,no
West Chester University,no
Liberty Opinion Research,no
ALG Research,no
Wick Communications,no
Zimmerman & Associates/Marketing Intelligence,no
Rossman Group,no
Victoria Research & Consulting,no
"University of Nevada, Las Vegas",no
Pacific Market Research,no
Iona College,no
QEV Analytics,no
West Virginia Research Center,no
CallFire,no
Becker Institute,no
Hill Research Consultants,no
TargetSmart/William & Mary,no
Rice University,no
Independent Market Research,no
MarblePort,no
University of Maryland,no
TMR Research,no
University of Georgia Survey Research Center,no
CrossTarget,no
The Florida Poll,no
Southeastern Louisiana University,no
R.L. Repass & Partners,no
A&A Research,no
Old Dominion University,no
Public Strategies Inc.,no
OpinionWorks,no
SmithJohnson Research,no
Harper Polling/Clarity Campaign Labs,no
Feldman Group,no
Capital Survey Research Center,no
Illinois Wesleyan University,no
Tulsa Surveys,no
TeleResearch Corporation,no
Decision Forecasting,no
SoonerPoll.com,no
Southern Research Group,no
Great Lakes Strategies Group,no
Hoffman Research Group,no
University of Wisconsin (Badger Poll),no
"California State University, Bakersfield",no
Minnesota State University Moorhead,no
Multi-Quest International,no
Constituent Dynamics,no
University of North Carolina,no
Global Strategy Group/GBAO (Navigator Research),no
Detroit Free Press,no
Sky Research,no
Southern Opinion Research,no
American Research Group,no
Opinion Consultants,no
Arthur J. Finkelstein & Associates,no
Zata3,no
GaPundit.com,no
Baselice & Associates,no
MarketAide Services Inc.,no
Redfield & Wilton Strategies,no
Bannon Communications Research,no
Howey Politics/DePauw University,no
High Point University,no
Forman Center,no
Kimball Political Consulting,no
New Frontier Strategy,no
SMS Research & Marketing Services,no
HighGround Inc.,no
Abacus Associates,no
Lester & Associates,no
PSI,no
Long Island University,no
Montana State University Billings,no
Dynata,no
Gazette Communications,no
SocialSphere,no
Jeffrey Stonecash,no
Consumer Logic,no
20/20 Insight,no
Y2 Analytics,no
Zia Poll,no
Cherry Communications,no
Glover Park Group,no
Baydoun Consulting,no
Neighbor,no
VCreek/AMG,no
Clout Research/Wenzel Strategies,no
Hofstra University,no
Cometrends,no
Rainmaker Media Group,no
Datamar Analytics,no
Open Model Project,no
Lauer Johnson Research,no
Lycoming College,no
Beacon Research,no
University of Alabama at Birmingham,no
Saguaro Strategies,no
Ed Renwick/Loyola University New Orleans,no
WPA Intelligence (WPAi),no
University of Colorado,no
Patinkin Research Strategies,no
Slingshot Strategies,no
Baldwin Wallace University,no
Univision/Latino Decisions/North Star Opinion Research,no
RMS Research,no
Data West Polling,no
Hays Research Group,no
brilliant corners Research & Strategies,no
"Normington, Petts & Associates",no
WCIA-TV,no
Market Research Insight,no
Auburn University at Montgomery,no
USC Schwarzenegger Institute,no
Hickman Analytics,no
GCR & Associates,no
ccAdvertising,no
Arizona State University,no
Hellenthal & Associates,no
Gonzales Research & Marketing Strategies Inc.,no
J.L. Partners,no
The Justice Collaborative Institute,no
Opinium,no
Cole Hargrave Snodgrass & Associates,no
Global Strategy Group,no
Global Marketing Research Services,no
Colby College,no
East Tennessee State University,no
Marketing Research Institute,no
Concord Public Opinion Partners,no
Brandwatch Qriously,no
Victory Enterprises,no
St. Cloud State University,no
Bainbridge Media Group,no
Rutgers University,no
Schapiro Group,no
SSRS,no
Western Kentucky University,no
Loras College,no
Millersville University,no
DCCC Targeting and Analytics Department,no
Massie & Associates,no
SurveyMonkey,no
Hampton University,no
Roanoke College,no
Greg Smith & Associates,no
Marketing Resource Group (MRG),no
University of Iowa,no
BWD Global,no
Citizen Data,no
DeSales University,no
Hamilton Campaigns,no
Kiaer Research,no
Craciun Research Group,no
Bluegrass Community and Technical College,no
MRG Research,no
RABA Research,no
Marketing Workshop,no
Momentum Analysis,no
Critical Insights,no
Research America Inc.,no
Targoz Market Research,no
TargetPoint,no
Meredith College,no
Swayable,no
Glascock Group,no
Brigham Young University,no
Elucd,no
Dane & Associates,no
GOP Calls,no
Carroll Strategies,no
CPEC,no
Riggs Research Services,no
Mitchell Research & Communications,no
TP Research,no
Saint Leo University,no
Target Insyght,no
Point Blank Political,no
Brown University,no
McLaughlin & Associates,no
University of Wyoming,no
Triton Polling & Research,no
Opinion Research Associates,no
FM3 Research,no
TCJ Research,yes
Humphrey Institute,no
Indiana University-Purdue University Fort Wayne,no
Nielson Brothers Polling,no
Jayhawk Consulting Services,no
Fort Hays State University,no
